{
    "LinearRegression": {
        "rmse": 39.364784676786535,
        "mae": 30.31217484733795,
        "r2": 0.6733835543097876
    },
    "DecisionTree": {
        "rmse": 0.0,
        "mae": 0.0,
        "r2": 1.0
    },
    "RandomForest": {
        "rmse": 4.517597347398702,
        "mae": 3.1110086762638747,
        "r2": 0.9956983276551665
    }
}