{
    "LinearRegression": {
        "RMSE": 1880.278879641647,
        "MAE": 33.33294331032995,
        "R2": 0.588451916023207
    },
    "DecisionTree": {
        "RMSE": 1219.2498182699296,
        "MAE": 22.04022292221953,
        "R2": 0.733135370486279
    },
    "RandomForest": {
        "RMSE": 584.7472142718682,
        "MAE": 17.08186333898716,
        "R2": 0.8720128177527479
    }
}